{
    "Caucasus": [
        {"id": 1, "name": "Anapa-Vityazevo", "lat": 45.002100, "lon": 37.347300, "alt": 53, "runway": "04/22", "rwyHeading": 42, "tacan": "22X", "atc": "121.0"},
        {"id": 2, "name": "Krasnodar-Center", "lat": 45.086300, "lon": 38.941600, "alt": 35, "runway": "09/27", "rwyHeading": 86, "tacan": "None", "atc": "122.0"},
        {"id": 3, "name": "Novorossiysk", "lat": 44.726200, "lon": 37.777100, "alt": 20, "runway": "04/22", "rwyHeading": 41, "tacan": "None", "atc": "123.0"},
        {"id": 4, "name": "Krymsk", "lat": 44.928300, "lon": 38.001900, "alt": 21, "runway": "04/22", "rwyHeading": 39, "tacan": "None", "atc": "124.0"},
        {"id": 5, "name": "Maykop-Khanskaya", "lat": 44.678800, "lon": 40.035900, "alt": 183, "runway": "04/22", "rwyHeading": 38, "tacan": "None", "atc": "125.0"},
        {"id": 6, "name": "Gelendzhik", "lat": 44.571400, "lon": 38.012500, "alt": 30, "runway": "01/19", "rwyHeading": 14, "tacan": "None", "atc": "126.0"},
        {"id": 7, "name": "Sochi-Adler", "lat": 43.449900, "lon": 39.956600, "alt": 27, "runway": "06/24", "rwyHeading": 63, "tacan": "None", "atc": "127.0"},
        {"id": 8, "name": "Krasnodar-Pashkovsky", "lat": 45.034500, "lon": 39.170600, "alt": 36, "runway": "05/23", "rwyHeading": 48, "tacan": "None", "atc": "128.0"},
        {"id": 9, "name": "Sukhumi-Babushara", "lat": 42.858200, "lon": 41.128100, "alt": 16, "runway": "12/30", "rwyHeading": 116, "tacan": "None", "atc": "129.0"},
        {"id": 10, "name": "Gudauta", "lat": 43.102300, "lon": 40.575900, "alt": 21, "runway": "15/33", "rwyHeading": 150, "tacan": "None", "atc": "130.0"},
        {"id": 11, "name": "Batumi", "lat": 41.610200, "lon": 41.600000, "alt": 10, "runway": "13/31", "rwyHeading": 126, "tacan": "16X", "atc": "131.0"},
        {"id": 12, "name": "Senaki-Kolkhi", "lat": 42.242700, "lon": 42.048300, "alt": 12, "runway": "09/27", "rwyHeading": 94, "tacan": "31X", "atc": "132.0"},
        {"id": 13, "name": "Kobuleti", "lat": 41.840600, "lon": 41.799500, "alt": 20, "runway": "07/25", "rwyHeading": 70, "tacan": "67X", "atc": "133.0"},
        {"id": 14, "name": "Kutaisi", "lat": 42.176800, "lon": 42.482200, "alt": 45, "runway": "08/26", "rwyHeading": 74, "tacan": "44X", "atc": "134.0"},
        {"id": 15, "name": "Mineralnye Vody", "lat": 44.225100, "lon": 43.081900, "alt": 320, "runway": "12/30", "rwyHeading": 115, "tacan": "None", "atc": "135.0"},
        {"id": 16, "name": "Nalchik", "lat": 43.513900, "lon": 43.633900, "alt": 442, "runway": "06/24", "rwyHeading": 54, "tacan": "None", "atc": "136.0"},
        {"id": 17, "name": "Mozdok", "lat": 43.787700, "lon": 44.600500, "alt": 163, "runway": "08/26", "rwyHeading": 78, "tacan": "None", "atc": "137.0"},
        {"id": 18, "name": "Tbilisi-Lochini", "lat": 41.669100, "lon": 44.954700, "alt": 495, "runway": "13/31", "rwyHeading": 128, "tacan": "25X", "atc": "138.0"},
        {"id": 19, "name": "Soganlug", "lat": 41.652800, "lon": 44.938100, "alt": 476, "runway": "14/32", "rwyHeading": 136, "tacan": "None", "atc": "139.0"},
        {"id": 20, "name": "Vaziani", "lat": 41.628400, "lon": 45.029800, "alt": 463, "runway": "14/32", "rwyHeading": 136, "tacan": "22X", "atc": "140.0"},
        {"id": 21, "name": "Beslan", "lat": 43.205100, "lon": 44.605400, "alt": 525, "runway": "10/28", "rwyHeading": 93, "tacan": "None", "atc": "141.0"}
    ],
    "Syria": [
        {"id": 1, "name": "Abu al-Duhur", "lat": 35.732778, "lon": 37.101667, "alt": 250, "runway": "09/27", "rwyHeading": 89, "tacan": "None", "atc": "122.20"},
        {"id": 2, "name": "Adana Sakirpasa", "lat": 36.982222, "lon": 35.280278, "alt": 20, "runway": "05/23", "rwyHeading": 50, "tacan": "112.70", "atc": "121.10"},
        {"id": 3, "name": "Al Qusayr", "lat": 34.570833, "lon": 36.571944, "alt": 530, "runway": "10/28", "rwyHeading": 98, "tacan": "None", "atc": "119.20"},
        {"id": 4, "name": "An Nasiriyah", "lat": 33.918889, "lon": 36.866389, "alt": 837, "runway": "04/22", "rwyHeading": 36, "tacan": "None", "atc": "122.30"},
        {"id": 5, "name": "Beirut-Rafic Hariri", "lat": 33.820833, "lon": 35.488333, "alt": 27, "runway": "16/34", "rwyHeading": 164, "tacan": "114.70", "atc": "118.90"},
        {"id": 6, "name": "Damascus", "lat": 33.415000, "lon": 36.513889, "alt": 616, "runway": "05/23", "rwyHeading": 48, "tacan": "114.80", "atc": "118.50"},
        {"id": 7, "name": "Marj as Sultan South (H)", "lat": 33.486389, "lon": 36.471944, "alt": 622, "runway": "Heli", "rwyHeading": 0, "tacan": "None", "atc": "124.00"},
        {"id": 8, "name": "Al-Dumayr", "lat": 33.609444, "lon": 36.748333, "alt": 625, "runway": "06/24", "rwyHeading": 56, "tacan": "None", "atc": "120.30"},
        {"id": 9, "name": "Eyn Shemer", "lat": 32.441944, "lon": 35.007500, "alt": 27, "runway": "09/27", "rwyHeading": 89, "tacan": "None", "atc": "123.40"},
        {"id": 10, "name": "Haifa", "lat": 32.809167, "lon": 35.043056, "alt": 9, "runway": "16/34", "rwyHeading": 158, "tacan": "None", "atc": "127.80"},
        {"id": 11, "name": "Hama", "lat": 35.118333, "lon": 36.711111, "alt": 306, "runway": "09/27", "rwyHeading": 90, "tacan": "None", "atc": "118.05"},
        {"id": 12, "name": "Hatay", "lat": 36.360278, "lon": 36.284722, "alt": 83, "runway": "04/22", "rwyHeading": 38, "tacan": "108.60", "atc": "128.50"},
        {"id": 13, "name": "Incirlik", "lat": 37.001944, "lon": 35.425833, "alt": 73, "runway": "05/23", "rwyHeading": 49, "tacan": "21X", "atc": "129.40"},
        {"id": 14, "name": "Jirah", "lat": 36.097500, "lon": 37.936667, "alt": 345, "runway": "10/28", "rwyHeading": 95, "tacan": "None", "atc": "118.10"},
        {"id": 15, "name": "Khalkhalah", "lat": 33.061667, "lon": 36.558333, "alt": 725, "runway": "15/33", "rwyHeading": 146, "tacan": "None", "atc": "122.50"},
        {"id": 16, "name": "King Hussein Air College", "lat": 32.356111, "lon": 36.259167, "alt": 678, "runway": "13/31", "rwyHeading": 126, "tacan": "85X", "atc": "118.35"},
        {"id": 17, "name": "Kiryat Shmona", "lat": 33.216667, "lon": 35.583333, "alt": 115, "runway": "03/21", "rwyHeading": 29, "tacan": "None", "atc": "124.10"},
        {"id": 18, "name": "Bassel Al-Assad", "lat": 35.400833, "lon": 35.948611, "alt": 25, "runway": "17/35", "rwyHeading": 172, "tacan": "102X", "atc": "118.10"},
        {"id": 19, "name": "Marj as Sultan North (H)", "lat": 33.497500, "lon": 36.467778, "alt": 622, "runway": "Heli", "rwyHeading": 0, "tacan": "None", "atc": "123.50"},
        {"id": 20, "name": "Marj Ruhayyil", "lat": 33.286667, "lon": 36.464722, "alt": 515, "runway": "06/24", "rwyHeading": 56, "tacan": "None", "atc": "121.70"},
        {"id": 21, "name": "Megiddo", "lat": 32.562778, "lon": 35.229722, "alt": 60, "runway": "09/27", "rwyHeading": 86, "tacan": "None", "atc": "123.70"},
        {"id": 22, "name": "Mezzeh", "lat": 33.477500, "lon": 36.223333, "alt": 728, "runway": "06/24", "rwyHeading": 57, "tacan": "None", "atc": "120.70"},
        {"id": 23, "name": "Minakh", "lat": 36.522222, "lon": 37.041111, "alt": 489, "runway": "10/28", "rwyHeading": 97, "tacan": "None", "atc": "120.60"},
        {"id": 24, "name": "Aleppo", "lat": 36.180556, "lon": 37.224167, "alt": 389, "runway": "09/27", "rwyHeading": 88, "tacan": "None", "atc": "119.10"},
        {"id": 25, "name": "Palmyra", "lat": 34.557222, "lon": 38.316667, "alt": 403, "runway": "08/26", "rwyHeading": 81, "tacan": "None", "atc": "121.90"},
        {"id": 26, "name": "Qabr as Sitt (H)", "lat": 33.456111, "lon": 36.357222, "alt": 643, "runway": "Heli", "rwyHeading": 0, "tacan": "None", "atc": "126.50"},
        {"id": 27, "name": "Ramat David", "lat": 32.663611, "lon": 35.180000, "alt": 56, "runway": "11/29", "rwyHeading": 108, "tacan": "84X", "atc": "118.60"},
        {"id": 28, "name": "Kuweires", "lat": 36.186944, "lon": 37.583056, "alt": 376, "runway": "11/29", "rwyHeading": 109, "tacan": "None", "atc": "120.50"},
        {"id": 29, "name": "Rayak", "lat": 33.850833, "lon": 35.989444, "alt": 913, "runway": "04/22", "rwyHeading": 35, "tacan": "None", "atc": "119.70"},
        {"id": 30, "name": "Rene Mouawad", "lat": 34.589444, "lon": 36.011667, "alt": 7, "runway": "06/24", "rwyHeading": 56, "tacan": "None", "atc": "121.20"},
        {"id": 31, "name": "Tabqa", "lat": 35.754444, "lon": 38.566667, "alt": 186, "runway": "09/27", "rwyHeading": 89, "tacan": "108.40", "atc": "118.80"},
        {"id": 32, "name": "Taftanaz (H)", "lat": 35.972222, "lon": 36.783333, "alt": 286, "runway": "Heli", "rwyHeading": 0, "tacan": "None", "atc": "125.10"},
        {"id": 33, "name": "Wujah Al Hajar", "lat": 34.346667, "lon": 35.688611, "alt": 235, "runway": "02/20", "rwyHeading": 21, "tacan": "None", "atc": "120.10"}
    ],
    "PersianGulf": [
        {"id": 1, "name": "Abu Musa Island", "lat": 25.876111, "lon": 55.023333, "alt": 7, "runway": "08/26", "rwyHeading": 79, "tacan": "None", "atc": "122.90"},
        {"id": 2, "name": "Bandar Abbas Intl", "lat": 27.218333, "lon": 56.377778, "alt": 6, "runway": "03/21", "rwyHeading": 28, "tacan": "78X", "atc": "118.10"},
        {"id": 3, "name": "Bandar Lengeh", "lat": 26.530556, "lon": 54.813056, "alt": 20, "runway": "08/26", "rwyHeading": 78, "tacan": "None", "atc": "121.70"},
        {"id": 4, "name": "Al Dhafra AFB", "lat": 24.248056, "lon": 54.547778, "alt": 23, "runway": "13/31", "rwyHeading": 126, "tacan": "96X", "atc": "126.50"},
        {"id": 5, "name": "Dubai Intl", "lat": 25.252778, "lon": 55.364444, "alt": 10, "runway": "12/30", "rwyHeading": 119, "tacan": "None", "atc": "118.75"},
        {"id": 6, "name": "Al Maktoum Intl", "lat": 24.896389, "lon": 55.161389, "alt": 52, "runway": "12/30", "rwyHeading": 119, "tacan": "None", "atc": "118.65"},
        {"id": 7, "name": "Fujairah Intl", "lat": 25.112222, "lon": 56.324167, "alt": 46, "runway": "11/29", "rwyHeading": 109, "tacan": "None", "atc": "124.60"},
        {"id": 8, "name": "Tunb Island AFB", "lat": 26.251389, "lon": 55.311111, "alt": 10, "runway": "03/21", "rwyHeading": 28, "tacan": "None", "atc": "121.00"},
        {"id": 9, "name": "Havadarya", "lat": 27.159722, "lon": 56.183056, "alt": 30, "runway": "08/26", "rwyHeading": 79, "tacan": "47X", "atc": "123.15"},
        {"id": 10, "name": "Khasab", "lat": 26.170556, "lon": 56.240278, "alt": 30, "runway": "01/19", "rwyHeading": 13, "tacan": "None", "atc": "124.35"},
        {"id": 11, "name": "Lar", "lat": 27.674722, "lon": 54.368056, "alt": 803, "runway": "09/27", "rwyHeading": 90, "tacan": "None", "atc": "127.35"},
        {"id": 12, "name": "Al Minhad AFB", "lat": 25.026944, "lon": 55.366111, "alt": 53, "runway": "09/27", "rwyHeading": 90, "tacan": "99X", "atc": "121.80"},
        {"id": 13, "name": "Qeshm Island", "lat": 26.754722, "lon": 55.901667, "alt": 13, "runway": "05/23", "rwyHeading": 47, "tacan": "None", "atc": "118.05"},
        {"id": 14, "name": "Sharjah Intl", "lat": 25.328611, "lon": 55.517222, "alt": 34, "runway": "12/30", "rwyHeading": 119, "tacan": "None", "atc": "118.60"},
        {"id": 15, "name": "Sirri Island", "lat": 25.908333, "lon": 54.539722, "alt": 13, "runway": "12/30", "rwyHeading": 122, "tacan": "None", "atc": "135.05"},
        {"id": 16, "name": "Tunb Kochak", "lat": 26.243333, "lon": 55.149167, "alt": 10, "runway": "08/26", "rwyHeading": 78, "tacan": "89X", "atc": "121.00"},
        {"id": 17, "name": "Sir Abu Nu'ayr", "lat": 25.223889, "lon": 54.232500, "alt": 6, "runway": "10/28", "rwyHeading": 100, "tacan": "None", "atc": "118.00"},
        {"id": 18, "name": "Kerman", "lat": 30.272500, "lon": 56.953611, "alt": 1750, "runway": "16/34", "rwyHeading": 159, "tacan": "73X", "atc": "118.25"},
        {"id": 19, "name": "Shiraz Intl", "lat": 29.539167, "lon": 52.589722, "alt": 1490, "runway": "11/29", "rwyHeading": 108, "tacan": "94X", "atc": "121.90"},
        {"id": 20, "name": "Sas Al Nakheel", "lat": 24.444167, "lon": 54.520833, "alt": 5, "runway": "15/33", "rwyHeading": 148, "tacan": "None", "atc": "128.90"},
        {"id": 21, "name": "Bandar-e-Jask", "lat": 25.653333, "lon": 57.799722, "alt": 6, "runway": "06/24", "rwyHeading": 58, "tacan": "None", "atc": "118.15"},
        {"id": 22, "name": "Abu Dhabi Intl", "lat": 24.433056, "lon": 54.651111, "alt": 27, "runway": "13/31", "rwyHeading": 126, "tacan": "None", "atc": "119.20"},
        {"id": 23, "name": "Al-Bateen", "lat": 24.428333, "lon": 54.458056, "alt": 5, "runway": "13/31", "rwyHeading": 126, "tacan": "None", "atc": "119.90"},
        {"id": 24, "name": "Kish Island", "lat": 26.526667, "lon": 53.980556, "alt": 30, "runway": "09/27", "rwyHeading": 89, "tacan": "112X", "atc": "121.65"},
        {"id": 25, "name": "Al Ain Intl", "lat": 24.261667, "lon": 55.609167, "alt": 265, "runway": "01/19", "rwyHeading": 9, "tacan": "None", "atc": "119.85"},
        {"id": 26, "name": "Lavan Island", "lat": 26.811944, "lon": 53.356389, "alt": 23, "runway": "11/29", "rwyHeading": 107, "tacan": "None", "atc": "128.55"},
        {"id": 27, "name": "Jiroft", "lat": 28.726667, "lon": 57.670556, "alt": 810, "runway": "13/31", "rwyHeading": 128, "tacan": "None", "atc": "136.00"},
        {"id": 28, "name": "Ras Al Khaimah Intl", "lat": 25.613611, "lon": 55.938611, "alt": 30, "runway": "16/34", "rwyHeading": 156, "tacan": "None", "atc": "121.60"},
        {"id": 29, "name": "Liwa AFB", "lat": 23.658333, "lon": 53.805833, "alt": 120, "runway": "13/31", "rwyHeading": 126, "tacan": "121X", "atc": "119.30"}
    ],
    "Marianas": [
        {"name": "Andersen AFB", "lat": 13.577200, "lon": 144.924400, "alt": 190, "runway": "06/24", "rwyHeading": 63, "tacan": "54X", "atc": "126.20"},
        {"name": "Antonio B. Won Pat Intl", "lat": 13.483900, "lon": 144.797200, "alt": 91, "runway": "06/24", "rwyHeading": 63, "tacan": "None", "atc": "118.10"},
        {"name": "Orote Field", "lat": 13.438900, "lon": 144.640000, "alt": 56, "runway": "06/24", "rwyHeading": 63, "tacan": "None", "atc": "NA"},
        {"name": "Rota Intl", "lat": 14.173600, "lon": 145.242800, "alt": 178, "runway": "09/27", "rwyHeading": 93, "tacan": "None", "atc": "123.60"},
        {"name": "Saipan Intl", "lat": 15.118900, "lon": 145.729400, "alt": 66, "runway": "07/25", "rwyHeading": 67, "tacan": "104X", "atc": "125.70"},
        {"name": "Tinian Intl", "lat": 14.996100, "lon": 145.623100, "alt": 82, "runway": "08/26", "rwyHeading": 85, "tacan": "None", "atc": "123.60"}
    ],
    "Afghanistan": [
        {"name": "Bagram", "lat": 34.9461, "lon": 69.2650, "alt": 1484, "runway": "03/21", "rwyHeading": 29, "tacan": "78X", "atc": "118.00"},
        {"name": "Kabul", "lat": 34.5658, "lon": 69.2123, "alt": 1791, "runway": "11/29", "rwyHeading": 109, "tacan": "99X", "atc": "119.50"},
        {"name": "Kandahar", "lat": 31.5058, "lon": 65.8478, "alt": 1017, "runway": "05/23", "rwyHeading": 53, "tacan": "86X", "atc": "118.50"},
        {"name": "Herat", "lat": 34.2100, "lon": 62.2283, "alt": 977, "runway": "18/36", "rwyHeading": 179, "tacan": "114X", "atc": "122.10"},
        {"name": "Mazar-i-Sharif", "lat": 36.7069, "lon": 67.2092, "alt": 391, "runway": "06/24", "rwyHeading": 61, "tacan": "111X", "atc": "124.30"},
        {"name": "Jalalabad", "lat": 34.3992, "lon": 70.4986, "alt": 553, "runway": "13/31", "rwyHeading": 133, "tacan": "83X", "atc": "122.50"},
        {"name": "Shindand", "lat": 33.3892, "lon": 62.2614, "alt": 1152, "runway": "18/36", "rwyHeading": 178, "tacan": "88X", "atc": "126.20"},
        {"name": "Bastion/Leatherneck/Shorabak", "lat": 31.8647, "lon": 64.2194, "alt": 880, "runway": "01/19", "rwyHeading": 184, "tacan": "73X", "atc": "119.10"}
    ],
     "Kola": [
        {"name": "Bodø", "lat": 67.2692, "lon": 14.3653, "alt": 13, "runway": "07/25", "rwyHeading": 75, "tacan": "66X", "atc": "118.10"},
        {"name": "Bardufoss", "lat": 69.0558, "lon": 18.5403, "alt": 77, "runway": "10/28", "rwyHeading": 106, "tacan": "37X", "atc": "118.90"},
        {"name": "Evenes", "lat": 68.4914, "lon": 16.6781, "alt": 26, "runway": "17/35", "rwyHeading": 174, "tacan": "125X", "atc": "119.90"},
        {"name": "Rovaniemi", "lat": 66.5647, "lon": 25.8306, "alt": 196, "runway": "03/21", "rwyHeading": 35, "tacan": "92X", "atc": "118.70"},
        {"name": "Luleå-Kallax", "lat": 65.5439, "lon": 22.1219, "alt": 18, "runway": "14/32", "rwyHeading": 137, "tacan": "42X", "atc": "125.80"},
        {"name": "Kiruna", "lat": 67.8222, "lon": 20.3364, "alt": 460, "runway": "12/30", "rwyHeading": 118, "tacan": "NA", "atc": "128.50"},
        {"name": "Murmansk", "lat": 68.7817, "lon": 32.7508, "alt": 81, "runway": "13/31", "rwyHeading": 134, "tacan": "NA", "atc": "120.50"},
        {"name": "Severomorsk-1", "lat": 69.0317, "lon": 33.4183, "alt": 66, "runway": "13/31", "rwyHeading": 128, "tacan": "NA", "atc": "124.00"},
        {"name": "Severomorsk-3", "lat": 68.8683, "lon": 33.7217, "alt": 167, "runway": "13/31", "rwyHeading": 129, "tacan": "NA", "atc": "126.00"},
        {"name": "Monchegorsk", "lat": 67.9783, "lon": 33.0133, "alt": 175, "runway": "12/30", "rwyHeading": 120, "tacan": "NA", "atc": "128.00"}
    ],
     "SouthAtlantic": [
        {"name": "Mount Pleasant", "lat": -51.8228, "lon": -58.4475, "alt": 74, "runway": "10/28", "rwyHeading": 103, "tacan": "119X", "atc": "120.50"},
        {"name": "Port Stanley", "lat": -51.6856, "lon": -57.7775, "alt": 21, "runway": "09/27", "rwyHeading": 89, "tacan": "NA", "atc": "118.30"},
        {"name": "Rio Gallegos", "lat": -51.6083, "lon": -69.3125, "alt": 19, "runway": "07/25", "rwyHeading": 72, "tacan": "98X", "atc": "118.80"},
        {"name": "Rio Grande", "lat": -53.7778, "lon": -67.7494, "alt": 20, "runway": "07/25", "rwyHeading": 74, "tacan": "85X", "atc": "118.40"},
        {"name": "Ushuaia", "lat": -54.8433, "lon": -68.2958, "alt": 28, "runway": "07/25", "rwyHeading": 74, "tacan": "100X", "atc": "118.90"},
        {"name": "Punta Arenas", "lat": -53.0031, "lon": -70.8544, "alt": 42, "runway": "07/25", "rwyHeading": 73, "tacan": "115X", "atc": "118.10"}
    ],
    "Normandy": [
        {"name": "Saint-Pierre-du-Mont", "lat": 49.3881, "lon": -0.9639, "alt": 53, "runway": "10/28", "rwyHeading": 95, "tacan": "NA", "atc": "NA"},
        {"name": "Carpiquet", "lat": 49.1728, "lon": -0.4561, "alt": 78, "runway": "13/31", "rwyHeading": 133, "tacan": "NA", "atc": "NA"},
        {"name": "Tangmere", "lat": 50.8475, "lon": -0.7103, "alt": 19, "runway": "06/24", "rwyHeading": 62, "tacan": "NA", "atc": "NA"},
        {"name": "Ford", "lat": 50.8175, "lon": -0.5897, "alt": 6, "runway": "05/23", "rwyHeading": 53, "tacan": "NA", "atc": "NA"},
        {"name": "Chailey", "lat": 50.9419, "lon": -0.0169, "alt": 37, "runway": "16/34", "rwyHeading": 160, "tacan": "NA", "atc": "NA"},
        {"name": "Villacoublay", "lat": 48.7725, "lon": 2.2053, "alt": 175, "runway": "09/27", "rwyHeading": 90, "tacan": "NA", "atc": "NA"},
        {"name": "Orly", "lat": 48.7233, "lon": 2.3794, "alt": 89, "runway": "02/20", "rwyHeading": 21, "tacan": "NA", "atc": "NA"},
        {"name": "Evreux", "lat": 49.0286, "lon": 1.2197, "alt": 139, "runway": "04/22", "rwyHeading": 42, "tacan": "NA", "atc": "NA"}
    ],
    "GermanyColdWar": [
         {"name": "Ramstein AB", "lat": 49.4369, "lon": 7.6003, "alt": 237, "runway": "08/26", "rwyHeading": 85, "tacan": "81X", "atc": "122.10"},
         {"name": "Frankfurt", "lat": 50.0333, "lon": 8.5706, "alt": 111, "runway": "07/25", "rwyHeading": 69, "tacan": "114X", "atc": "119.90"},
         {"name": "Spangdahlem AB", "lat": 49.9744, "lon": 6.6928, "alt": 364, "runway": "05/23", "rwyHeading": 48, "tacan": "88X", "atc": "126.70"},
         {"name": "Hahn AB", "lat": 49.9486, "lon": 7.2639, "alt": 503, "runway": "03/21", "rwyHeading": 33, "tacan": "92X", "atc": "118.25"},
         {"name": "Bitburg AB", "lat": 49.9469, "lon": 6.5614, "alt": 373, "runway": "06/24", "rwyHeading": 58, "tacan": "76X", "atc": "119.50"},
         {"name": "Sembach AB", "lat": 49.5108, "lon": 7.8589, "alt": 320, "runway": "05/23", "rwyHeading": 52, "tacan": "73X", "atc": "123.50"},
         {"name": "Cologne-Bonn", "lat": 50.8659, "lon": 7.1428, "alt": 92, "runway": "14/32", "rwyHeading": 137, "tacan": "116X", "atc": "121.10"}
    ]
}