{
    "coords": "latlon",
    "altUnit": "ft",
    "distUnit": "nm",
    "defAlt": 20000,
    "layer": "dark",
    "visibleRoutes": [
        "1234"
    ],
    "navFlyBy": false,
    "navCourseLine": true,
    "colors": {
        "latlon": "#00ffcc",
        "mgrs": "#733f59",
        "mgrsGzd": "#988035"
    },
    "overlays": {
        "contours": false,
        "urban": false,
        "roads": false,
        "labels": false
    },
    "view": {
        "zoom": 7,
        "center": {
            "lat": 42,
            "lng": 42
        }
    },
    "threatFill": 20,
    "vis": {
        "airports": true,
        "units": true,
        "units_air": true,
        "units_ground": true,
        "units_naval": true,
        "units_static": true,
        "pois": true,
        "threats": true,
        "grid": false,
        "mgrs": false,
        "alt": true,
        "hdg": true,
        "wakeLock": false,
        "units_red": true,
        "units_blue": true,
        "units_neutral": true,
        "hudMode": 0,
        "ptrStyle": "dot",
        "ptrColor": "#ff0000"
    }
}